{"cameraMode":{"drawMode":0,"name":"Shaded","section":"Shading Mode"},"sceneLighting":true,"audioPlay":false,"sceneViewState":{"showFog":true,"showMaterialUpdate":false,"showSkybox":true,"showFlares":true,"showImageEffects":true,"showParticleSystems":true},"in2DMode":false,"pivot":{"x":-1.4439988136291505,"y":1.5791053771972657,"z":5.926217079162598},"rotation":{"x":-0.013809002935886383,"y":0.5699984431266785,"z":-0.00958363339304924,"w":-0.8214790225028992},"size":0.19169282913208009,"orthographic":false}