{"cameraMode":{"drawMode":0,"name":"Shaded","section":"Shading Mode"},"sceneLighting":false,"audioPlay":false,"sceneViewState":{"showFog":true,"showMaterialUpdate":false,"showSkybox":false,"showFlares":true,"showImageEffects":true,"showParticleSystems":true},"in2DMode":false,"pivot":{"x":501.030029296875,"y":281.81182861328127,"z":0.2619999647140503},"rotation":{"x":-0.020780522376298906,"y":0.7452788352966309,"z":0.023253103718161584,"w":0.6660266518592835},"size":2393.16796875,"orthographic":false}