{"cameraMode":{"drawMode":0,"name":"Shaded","section":"Shading Mode"},"sceneLighting":false,"audioPlay":false,"sceneViewState":{"showFog":true,"showMaterialUpdate":false,"showSkybox":false,"showFlares":true,"showImageEffects":true,"showParticleSystems":true},"in2DMode":false,"pivot":{"x":477.052490234375,"y":268.3208312988281,"z":0.2619999647140503},"rotation":{"x":0.013256127946078778,"y":-0.743514895439148,"z":0.014719712547957898,"w":0.6684595346450806},"size":2278.6015625,"orthographic":false}