{"cameraMode":{"drawMode":0,"name":"Shaded","section":"Shading Mode"},"sceneLighting":true,"audioPlay":false,"sceneViewState":{"showFog":true,"showMaterialUpdate":false,"showSkybox":true,"showFlares":true,"showImageEffects":true,"showParticleSystems":true},"in2DMode":false,"pivot":{"x":24.233722686767579,"y":1.1176658868789673,"z":-16.991111755371095},"rotation":{"x":0.15321072936058045,"y":0.7517577409744263,"z":-0.1878044456243515,"w":0.6132835745811462},"size":2.8578836917877199,"orthographic":false}