{"cameraMode":{"drawMode":0,"name":"Shaded","section":"Shading Mode"},"sceneLighting":false,"audioPlay":false,"sceneViewState":{"showFog":true,"showMaterialUpdate":false,"showSkybox":false,"showFlares":true,"showImageEffects":true,"showParticleSystems":true},"in2DMode":false,"pivot":{"x":8.940696716308594e-7,"y":-1.0956546068191529,"z":0.021622836589813234},"rotation":{"x":0.013256127946078778,"y":-0.743514895439148,"z":0.014719712547957898,"w":0.6684595346450806},"size":4.42125940322876,"orthographic":false}