{"cameraMode":{"drawMode":0,"name":"Shaded","section":"Shading Mode"},"sceneLighting":true,"audioPlay":false,"sceneViewState":{"showFog":true,"showMaterialUpdate":false,"showSkybox":true,"showFlares":true,"showImageEffects":true,"showParticleSystems":true},"in2DMode":false,"pivot":{"x":-1.4860680103302003,"y":2.017400026321411,"z":6.70766544342041},"rotation":{"x":0.17626407742500306,"y":-0.03659914433956146,"z":0.0065818061120808128,"w":0.9836743474006653},"size":3.074338912963867,"orthographic":false}