{"cameraMode":{"drawMode":0,"name":"Shaded","section":"Shading Mode"},"sceneLighting":true,"audioPlay":false,"sceneViewState":{"showFog":true,"showMaterialUpdate":false,"showSkybox":true,"showFlares":true,"showImageEffects":true,"showParticleSystems":true},"in2DMode":false,"pivot":{"x":23.823352813720704,"y":1.1595345735549927,"z":-16.865631103515626},"rotation":{"x":0.13868971168994904,"y":-0.426277220249176,"z":0.06894910335540772,"w":0.8912346959114075},"size":13.851334571838379,"orthographic":false}