{"cameraMode":{"drawMode":0,"name":"Shaded","section":"Shading Mode"},"sceneLighting":false,"audioPlay":false,"sceneViewState":{"showFog":true,"showMaterialUpdate":false,"showSkybox":true,"showFlares":true,"showImageEffects":true,"showParticleSystems":true},"in2DMode":false,"pivot":{"x":852.4692993164063,"y":-116.3757553100586,"z":293.3132629394531},"rotation":{"x":-0.06700755655765534,"y":-0.48337283730506899,"z":0.037423502653837207,"w":-0.8722452521324158},"size":802.484375,"orthographic":false}