{"cameraMode":{"drawMode":0,"name":"Shaded","section":"Shading Mode"},"sceneLighting":true,"audioPlay":false,"sceneViewState":{"showFog":true,"showMaterialUpdate":false,"showSkybox":true,"showFlares":true,"showImageEffects":true,"showParticleSystems":true},"in2DMode":false,"pivot":{"x":15.640000343322754,"y":10.09000015258789,"z":-9.069999694824219},"rotation":{"x":-0.05601639300584793,"y":0.9085321426391602,"z":-0.39452558755874636,"w":-0.12660665810108186},"size":19.658180236816408,"orthographic":false}