{"cameraMode":{"drawMode":0,"name":"Shaded","section":"Shading Mode"},"sceneLighting":false,"audioPlay":false,"sceneViewState":{"showFog":true,"showMaterialUpdate":false,"showSkybox":true,"showFlares":true,"showImageEffects":true,"showParticleSystems":true},"in2DMode":false,"pivot":{"x":-472.1596984863281,"y":85.02384948730469,"z":0.02001953125},"rotation":{"x":-0.024349726736545564,"y":0.9625220894813538,"z":-0.25724902749061587,"w":-0.08466984331607819},"size":2.350210666656494,"orthographic":false}