{"cameraMode":{"drawMode":0,"name":"Shaded","section":"Shading Mode"},"sceneLighting":false,"audioPlay":false,"sceneViewState":{"showFog":true,"showMaterialUpdate":false,"showSkybox":true,"showFlares":true,"showImageEffects":true,"showParticleSystems":true},"in2DMode":false,"pivot":{"x":165.10000610351563,"y":-13.88538932800293,"z":-154.60000610351563},"rotation":{"x":-0.14240030944347382,"y":0.3570086359977722,"z":-0.05516479164361954,"w":-0.9215519428253174},"size":11.556222915649414,"orthographic":false}