{"cameraMode":{"drawMode":0,"name":"Shaded","section":"Shading Mode"},"sceneLighting":true,"audioPlay":false,"sceneViewState":{"showFog":true,"showMaterialUpdate":false,"showSkybox":true,"showFlares":true,"showImageEffects":true,"showParticleSystems":true},"in2DMode":false,"pivot":{"x":91.68084716796875,"y":-8.250670433044434,"z":-49.426841735839847},"rotation":{"x":0.02738753706216812,"y":0.739039957523346,"z":-0.03227465972304344,"w":0.6726189255714417},"size":22.0,"orthographic":false}