{"cameraMode":{"drawMode":0,"name":"Shaded","section":"Shading Mode"},"sceneLighting":true,"audioPlay":false,"sceneViewState":{"showFog":true,"showMaterialUpdate":false,"showSkybox":true,"showFlares":true,"showImageEffects":true,"showParticleSystems":true},"in2DMode":false,"pivot":{"x":356.5834045410156,"y":175.187255859375,"z":0.0},"rotation":{"x":0.13151828944683076,"y":-0.07842396944761276,"z":0.010402506217360497,"w":0.9881832599639893},"size":1011.5513916015625,"orthographic":false}