{"cameraMode":{"drawMode":0,"name":"Shaded","section":"Shading Mode"},"sceneLighting":true,"audioPlay":false,"sceneViewState":{"showFog":true,"showMaterialUpdate":false,"showSkybox":true,"showFlares":true,"showImageEffects":true,"showParticleSystems":true},"in2DMode":false,"pivot":{"x":78.65093994140625,"y":14.8202486038208,"z":-4.0010504722595219},"rotation":{"x":0.27320849895477297,"y":0.5890050530433655,"z":-0.22304722666740418,"w":0.7275910377502441},"size":17.525753021240236,"orthographic":false}