{"cameraMode":{"drawMode":0,"name":"Shaded","section":"Shading Mode"},"sceneLighting":false,"audioPlay":false,"sceneViewState":{"showFog":true,"showMaterialUpdate":false,"showSkybox":false,"showFlares":true,"showImageEffects":true,"showParticleSystems":true},"in2DMode":false,"pivot":{"x":0.0,"y":-0.012251853942871094,"z":0.3050000071525574},"rotation":{"x":-0.07527794688940048,"y":0.6339530944824219,"z":-0.0622052438557148,"w":-0.7671812772750855},"size":6.748656749725342,"orthographic":false}