{"cameraMode":{"drawMode":0,"name":"Shaded","section":"Shading Mode"},"sceneLighting":false,"audioPlay":false,"sceneViewState":{"showFog":true,"showMaterialUpdate":false,"showSkybox":true,"showFlares":true,"showImageEffects":true,"showParticleSystems":true},"in2DMode":false,"pivot":{"x":-1.5199998617172242,"y":0.36000001430511477,"z":1.9900000095367432},"rotation":{"x":0.07457607239484787,"y":-0.04696234315633774,"z":-0.0029515845235437156,"w":-0.9962834119796753},"size":10.570819854736329,"orthographic":false}