{"cameraMode":{"drawMode":0,"name":"Shaded","section":"Shading Mode"},"sceneLighting":true,"audioPlay":false,"sceneViewState":{"showFog":true,"showMaterialUpdate":false,"showSkybox":true,"showFlares":true,"showImageEffects":true,"showParticleSystems":true},"in2DMode":false,"pivot":{"x":50.683536529541019,"y":4.429126739501953,"z":11.241249084472657},"rotation":{"x":-0.04115814343094826,"y":0.5825907588005066,"z":0.029552722349762918,"w":0.8112279176712036},"size":9.94311237335205,"orthographic":false}