{"cameraMode":{"drawMode":0,"name":"Shaded","section":"Shading Mode"},"sceneLighting":false,"audioPlay":false,"sceneViewState":{"showFog":true,"showMaterialUpdate":false,"showSkybox":true,"showFlares":true,"showImageEffects":true,"showParticleSystems":true},"in2DMode":false,"pivot":{"x":15.869999885559082,"y":-12.337499618530274,"z":2.5},"rotation":{"x":0.039741095155477527,"y":0.5704535245895386,"z":-0.027442334219813348,"w":0.819992184638977},"size":9.593320846557618,"orthographic":false}