{"cameraMode":{"drawMode":0,"name":"Shaded","section":"Shading Mode"},"sceneLighting":false,"audioPlay":false,"sceneViewState":{"showFog":true,"showMaterialUpdate":false,"showSkybox":true,"showFlares":true,"showImageEffects":true,"showParticleSystems":true},"in2DMode":false,"pivot":{"x":-0.2016754150390625,"y":-47.584510803222659,"z":-154.21868896484376},"rotation":{"x":-0.11732114851474762,"y":0.8777283430099487,"z":-0.2684953808784485,"w":-0.3796375095844269},"size":158.40023803710938,"orthographic":false}