{"cameraMode":{"drawMode":0,"name":"Shaded","section":"Shading Mode"},"sceneLighting":true,"audioPlay":false,"sceneViewState":{"showFog":true,"showMaterialUpdate":false,"showSkybox":true,"showFlares":true,"showImageEffects":true,"showParticleSystems":true},"in2DMode":false,"pivot":{"x":0.720636785030365,"y":1.7295372486114503,"z":0.1020497977733612},"rotation":{"x":0.02241620607674122,"y":0.754523754119873,"z":0.025808069854974748,"w":-0.6553853154182434},"size":2.484585762023926,"orthographic":false}