{"cameraMode":{"drawMode":0,"name":"Shaded","section":"Shading Mode"},"sceneLighting":false,"audioPlay":false,"sceneViewState":{"showFog":true,"showMaterialUpdate":false,"showSkybox":false,"showFlares":true,"showImageEffects":true,"showParticleSystems":true},"in2DMode":false,"pivot":{"x":23.47991180419922,"y":2.3417253494262697,"z":-18.348670959472658},"rotation":{"x":-0.15940234065055848,"y":0.43651530146598818,"z":-0.07889579236507416,"w":-0.8819423913955689},"size":3.828880548477173,"orthographic":false}