{"cameraMode":{"drawMode":0,"name":"Shaded","section":"Shading Mode"},"sceneLighting":false,"audioPlay":false,"sceneViewState":{"showFog":true,"showMaterialUpdate":false,"showSkybox":false,"showFlares":true,"showImageEffects":true,"showParticleSystems":true},"in2DMode":false,"pivot":{"x":14.843974113464356,"y":1.3938465118408204,"z":-9.254690170288086},"rotation":{"x":-0.06357666850090027,"y":0.854948878288269,"z":-0.5040221810340881,"w":-0.10596389323472977},"size":5.481029033660889,"orthographic":false}