{"cameraMode":{"drawMode":0,"name":"Shaded","section":"Shading Mode"},"sceneLighting":false,"audioPlay":false,"sceneViewState":{"showFog":true,"showMaterialUpdate":false,"showSkybox":false,"showFlares":true,"showImageEffects":true,"showParticleSystems":true},"in2DMode":false,"pivot":{"x":8.940696716308594e-7,"y":-1.0956546068191529,"z":0.021622836589813234},"rotation":{"x":-0.043779157102108,"y":0.02906844951212406,"z":-0.001248908811248839,"w":-0.9986407160758972},"size":4.42125940322876,"orthographic":false}