{"cameraMode":{"drawMode":0,"name":"Shaded","section":"Shading Mode"},"sceneLighting":false,"audioPlay":false,"sceneViewState":{"showFog":true,"showMaterialUpdate":false,"showSkybox":true,"showFlares":true,"showImageEffects":true,"showParticleSystems":true},"in2DMode":false,"pivot":{"x":-76.92236328125,"y":-50.30451965332031,"z":38.38349914550781},"rotation":{"x":0.1542549729347229,"y":-0.6079356074333191,"z":0.12026559561491013,"w":0.7698579430580139},"size":199.1583709716797,"orthographic":false}