{"cameraMode":{"drawMode":0,"name":"Shaded","section":"Shading Mode"},"sceneLighting":false,"audioPlay":false,"sceneViewState":{"showFog":true,"showMaterialUpdate":false,"showSkybox":true,"showFlares":true,"showImageEffects":true,"showParticleSystems":true},"in2DMode":false,"pivot":{"x":-98.66852569580078,"y":-85.14643859863281,"z":125.19857788085938},"rotation":{"x":-0.14240030944347382,"y":0.3570086359977722,"z":-0.05516479164361954,"w":-0.9215519428253174},"size":257.73895263671877,"orthographic":false}