{"cameraMode":{"drawMode":0,"name":"Shaded","section":"Shading Mode"},"sceneLighting":false,"audioPlay":false,"sceneViewState":{"showFog":true,"showMaterialUpdate":false,"showSkybox":false,"showFlares":true,"showImageEffects":true,"showParticleSystems":true},"in2DMode":false,"pivot":{"x":-14.799999237060547,"y":2.374345541000366,"z":40.30162048339844},"rotation":{"x":-0.017596019431948663,"y":0.9789295196533203,"z":-0.09605559706687927,"w":-0.1793489009141922},"size":2.9212589263916017,"orthographic":false}