{"cameraMode":{"drawMode":0,"name":"Shaded","section":"Shading Mode"},"sceneLighting":true,"audioPlay":false,"sceneViewState":{"showFog":true,"showMaterialUpdate":false,"showSkybox":true,"showFlares":true,"showImageEffects":true,"showParticleSystems":true},"in2DMode":false,"pivot":{"x":24.385387420654298,"y":5.140988826751709,"z":-2.8103318214416506},"rotation":{"x":0.06111813336610794,"y":-0.717765748500824,"z":0.06221223250031471,"w":0.6909791827201843},"size":1.8937160968780518,"orthographic":false}