{"cameraMode":{"drawMode":0,"name":"Shaded","section":"Shading Mode"},"sceneLighting":false,"audioPlay":false,"sceneViewState":{"showFog":true,"showMaterialUpdate":false,"showSkybox":true,"showFlares":true,"showImageEffects":true,"showParticleSystems":true},"in2DMode":false,"pivot":{"x":158.1095733642578,"y":-15.313472747802735,"z":-142.63197326660157},"rotation":{"x":-0.31434696912765505,"y":-0.6445783376693726,"z":0.3314507007598877,"w":-0.6133538484573364},"size":4.110732078552246,"orthographic":false}