{"cameraMode":{"drawMode":0,"name":"Shaded","section":"Shading Mode"},"sceneLighting":true,"audioPlay":false,"sceneViewState":{"showFog":true,"showMaterialUpdate":false,"showSkybox":true,"showFlares":true,"showImageEffects":true,"showParticleSystems":true},"in2DMode":false,"pivot":{"x":-3.0763113498687746,"y":-1.8175709247589112,"z":-1.3444225788116456},"rotation":{"x":0.15498296916484834,"y":-0.5492357611656189,"z":0.10414283722639084,"w":0.8146620988845825},"size":1.3564549684524537,"orthographic":false}