{"cameraMode":{"drawMode":0,"name":"Shaded","section":"Shading Mode"},"sceneLighting":true,"audioPlay":false,"sceneViewState":{"showFog":true,"showMaterialUpdate":false,"showSkybox":true,"showFlares":true,"showImageEffects":true,"showParticleSystems":true},"in2DMode":false,"pivot":{"x":66.19933319091797,"y":18.553138732910158,"z":24.70683479309082},"rotation":{"x":0.09757568687200546,"y":-0.8670528531074524,"z":0.18802125751972199,"w":0.4523259103298187},"size":-31.783191680908204,"orthographic":false}