{"cameraMode":{"drawMode":0,"name":"Shaded","section":"Shading Mode"},"sceneLighting":true,"audioPlay":false,"sceneViewState":{"showFog":true,"showMaterialUpdate":false,"showSkybox":true,"showFlares":true,"showImageEffects":true,"showParticleSystems":true},"in2DMode":false,"pivot":{"x":-28.966917037963868,"y":0.02021777629852295,"z":-36.261966705322269},"rotation":{"x":-0.17189013957977296,"y":-0.6046870350837708,"z":0.1357337087392807,"w":-0.7657589316368103},"size":6.630480766296387,"orthographic":false}