{"cameraMode":{"drawMode":0,"name":"Shaded","section":"Shading Mode"},"sceneLighting":true,"audioPlay":false,"sceneViewState":{"showFog":true,"showMaterialUpdate":false,"showSkybox":true,"showFlares":true,"showImageEffects":true,"showParticleSystems":true},"in2DMode":false,"pivot":{"x":7.375324249267578,"y":15.63582992553711,"z":-61.09156799316406},"rotation":{"x":-0.0819479450583458,"y":0.7557505369186401,"z":-0.09181807190179825,"w":-0.643698513507843},"size":129.7726287841797,"orthographic":false}