{"cameraMode":{"drawMode":0,"name":"Shaded","section":"Shading Mode"},"sceneLighting":false,"audioPlay":false,"sceneViewState":{"showFog":true,"showMaterialUpdate":false,"showSkybox":false,"showFlares":true,"showImageEffects":true,"showParticleSystems":true},"in2DMode":false,"pivot":{"x":560.9733276367188,"y":315.7891540527344,"z":0.2619999647140503},"rotation":{"x":-0.017711671069264413,"y":0.6298704147338867,"z":-0.014369651675224305,"w":-0.7763654589653015},"size":2681.70556640625,"orthographic":false}