{"cameraMode":{"drawMode":0,"name":"Shaded","section":"Shading Mode"},"sceneLighting":true,"audioPlay":false,"sceneViewState":{"showFog":true,"showMaterialUpdate":false,"showSkybox":true,"showFlares":true,"showImageEffects":true,"showParticleSystems":true},"in2DMode":false,"pivot":{"x":215.44863891601563,"y":187.73606872558595,"z":-2.474193572998047},"rotation":{"x":-0.22079190611839295,"y":0.6422454714775086,"z":0.2025804966688156,"w":0.706061840057373},"size":248.78379821777345,"orthographic":false}