{"cameraMode":{"drawMode":0,"name":"Shaded","section":"Shading Mode"},"sceneLighting":true,"audioPlay":false,"sceneViewState":{"showFog":true,"showMaterialUpdate":false,"showSkybox":true,"showFlares":true,"showImageEffects":true,"showParticleSystems":true},"in2DMode":false,"pivot":{"x":39.86740493774414,"y":15.170562744140625,"z":-1.5950100421905518},"rotation":{"x":-0.09937499463558197,"y":0.7811537384986877,"z":-0.12375915795564652,"w":-0.6044610738754273},"size":11.481528282165528,"orthographic":false}