{"cameraMode":{"drawMode":0,"name":"Shaded","section":"Shading Mode"},"sceneLighting":false,"audioPlay":false,"sceneViewState":{"showFog":true,"showMaterialUpdate":false,"showSkybox":false,"showFlares":true,"showImageEffects":true,"showParticleSystems":true},"in2DMode":false,"pivot":{"x":703.513916015625,"y":313.51739501953127,"z":6.70766544342041},"rotation":{"x":0.09757568687200546,"y":-0.8670528531074524,"z":0.18802125751972199,"w":0.4523259103298187},"size":3.6895124912261965,"orthographic":false}