{"cameraMode":{"drawMode":0,"name":"Shaded","section":"Shading Mode"},"sceneLighting":false,"audioPlay":false,"sceneViewState":{"showFog":true,"showMaterialUpdate":false,"showSkybox":false,"showFlares":true,"showImageEffects":true,"showParticleSystems":true},"in2DMode":false,"pivot":{"x":601.92431640625,"y":437.07708740234377,"z":-411.60955810546877},"rotation":{"x":-0.07527794688940048,"y":0.6339530944824219,"z":-0.0622052438557148,"w":-0.7671812772750855},"size":1422.084228515625,"orthographic":false}