{"cameraMode":{"drawMode":0,"name":"Shaded","section":"Shading Mode"},"sceneLighting":true,"audioPlay":false,"sceneViewState":{"showFog":true,"showMaterialUpdate":false,"showSkybox":true,"showFlares":true,"showImageEffects":true,"showParticleSystems":true},"in2DMode":false,"pivot":{"x":125.12000274658203,"y":20.15999984741211,"z":26.479999542236329},"rotation":{"x":-0.05601639300584793,"y":0.9085321426391602,"z":-0.39452558755874636,"w":-0.12660665810108186},"size":14.883607864379883,"orthographic":false}