{"cameraMode":{"drawMode":0,"name":"Shaded","section":"Shading Mode"},"sceneLighting":true,"audioPlay":false,"sceneViewState":{"showFog":true,"showMaterialUpdate":true,"showSkybox":true,"showFlares":true,"showImageEffects":true,"showParticleSystems":true},"in2DMode":false,"pivot":{"x":-1.6770049333572388,"y":1.7881462574005128,"z":10.316507339477539},"rotation":{"x":0.006365541368722916,"y":-0.5381298065185547,"z":-0.003965036943554878,"w":-0.8428907990455627},"size":2.6533467769622804,"orthographic":false}