{"cameraMode":{"drawMode":0,"name":"Shaded","section":"Shading Mode"},"sceneLighting":true,"audioPlay":false,"sceneViewState":{"showFog":false,"showMaterialUpdate":false,"showSkybox":false,"showFlares":false,"showImageEffects":false,"showParticleSystems":false},"in2DMode":false,"pivot":{"x":183.72140502929688,"y":-50.09504699707031,"z":-77.21053314208985},"rotation":{"x":-0.09964078664779663,"y":-0.8671960234642029,"z":0.448323518037796,"w":-0.19412389397621156},"size":285.96734619140627,"orthographic":false}