{"cameraMode":{"drawMode":0,"name":"Shaded","section":"Shading Mode"},"sceneLighting":false,"audioPlay":false,"sceneViewState":{"showFog":true,"showMaterialUpdate":true,"showSkybox":false,"showFlares":true,"showImageEffects":true,"showParticleSystems":true},"in2DMode":false,"pivot":{"x":8.940696716308594e-7,"y":-1.0956546068191529,"z":0.021622836589813234},"rotation":{"x":-0.027194464579224588,"y":0.8835926651954651,"z":-0.05176428332924843,"w":-0.4647314250469208},"size":4.42125940322876,"orthographic":false}