{"cameraMode":{"drawMode":0,"name":"Shaded","section":"Shading Mode"},"sceneLighting":true,"audioPlay":false,"sceneViewState":{"showFog":true,"showMaterialUpdate":true,"showSkybox":true,"showFlares":true,"showImageEffects":true,"showParticleSystems":true},"in2DMode":false,"pivot":{"x":92.18633270263672,"y":2.4860401153564455,"z":-31.489612579345704},"rotation":{"x":0.11201853305101395,"y":0.7947421073913574,"z":-0.15487971901893617,"w":0.5762221813201904},"size":69.25218963623047,"orthographic":false}