{"cameraMode":{"drawMode":0,"name":"Shaded","section":"Shading Mode"},"sceneLighting":true,"audioPlay":false,"sceneViewState":{"showFog":true,"showMaterialUpdate":true,"showSkybox":true,"showFlares":true,"showImageEffects":true,"showParticleSystems":true},"in2DMode":false,"pivot":{"x":-6.795973777770996,"y":1.2126778364181519,"z":2.3987789154052736},"rotation":{"x":0.35952576994895937,"y":-0.5934699177742004,"z":0.334728866815567,"w":0.6380870342254639},"size":59.13163375854492,"orthographic":false}