{"cameraMode":{"drawMode":0,"name":"Shaded","section":"Shading Mode"},"sceneLighting":false,"audioPlay":false,"sceneViewState":{"showFog":true,"showMaterialUpdate":true,"showSkybox":false,"showFlares":true,"showImageEffects":true,"showParticleSystems":true},"in2DMode":false,"pivot":{"x":8.705001164344139e-10,"y":0.5299999713897705,"z":0.7179999947547913},"rotation":{"x":-0.1920507401227951,"y":0.006539970636367798,"z":0.0014748898101970554,"w":0.9817036986351013},"size":4.2304792404174809,"orthographic":false}