{"cameraMode":{"drawMode":0,"name":"Shaded","section":"Shading Mode"},"sceneLighting":true,"audioPlay":false,"sceneViewState":{"showFog":false,"showMaterialUpdate":false,"showSkybox":false,"showFlares":false,"showImageEffects":false,"showParticleSystems":false},"in2DMode":false,"pivot":{"x":290.7832946777344,"y":-130.87274169921876,"z":-194.56398010253907},"rotation":{"x":0.10607561469078064,"y":0.8817974925041199,"z":-0.24009904265403748,"w":0.3927346169948578},"size":325.05291748046877,"orthographic":false}