{"cameraMode":{"drawMode":0,"name":"Shaded","section":"Shading Mode"},"sceneLighting":true,"audioPlay":false,"sceneViewState":{"showFog":true,"showMaterialUpdate":true,"showSkybox":true,"showFlares":true,"showImageEffects":true,"showParticleSystems":true},"in2DMode":false,"pivot":{"x":31.64642333984375,"y":29.550643920898439,"z":66.22005462646485},"rotation":{"x":0.3604987561702728,"y":0.44564080238342287,"z":-0.202702134847641,"w":0.7941523194313049},"size":173.402587890625,"orthographic":false}