{"cameraMode":{"drawMode":0,"name":"Shaded","section":"Shading Mode"},"sceneLighting":true,"audioPlay":false,"sceneViewState":{"showFog":true,"showMaterialUpdate":true,"showSkybox":true,"showFlares":true,"showImageEffects":true,"showParticleSystems":true},"in2DMode":false,"pivot":{"x":-60.478328704833987,"y":0.40166470408439639,"z":-5.763777256011963},"rotation":{"x":0.0066071669571101669,"y":-0.6789715886116028,"z":0.006110907066613436,"w":0.7341095209121704},"size":65.44493103027344,"orthographic":false}