{"cameraMode":{"drawMode":0,"name":"Shaded","section":"Shading Mode"},"sceneLighting":true,"audioPlay":false,"sceneViewState":{"showFog":true,"showMaterialUpdate":true,"showSkybox":true,"showFlares":true,"showImageEffects":true,"showParticleSystems":true},"in2DMode":false,"pivot":{"x":44.96742248535156,"y":36.200286865234378,"z":57.720970153808597},"rotation":{"x":0.34220266342163088,"y":0.47358906269073489,"z":-0.20687177777290345,"w":0.7849432229995728},"size":331.111083984375,"orthographic":false}