{"cameraMode":{"drawMode":0,"name":"Shaded","section":"Shading Mode"},"sceneLighting":true,"audioPlay":false,"sceneViewState":{"showFog":true,"showMaterialUpdate":true,"showSkybox":true,"showFlares":true,"showImageEffects":true,"showParticleSystems":true},"in2DMode":false,"pivot":{"x":18.94449234008789,"y":56.812355041503909,"z":-62.85282897949219},"rotation":{"x":0.14788299798965455,"y":0.7350006699562073,"z":-0.16950009763240815,"w":0.6401860117912293},"size":65.1902084350586,"orthographic":false}