{"cameraMode":{"drawMode":0,"name":"Shaded","section":"Shading Mode"},"sceneLighting":true,"audioPlay":false,"sceneViewState":{"showFog":true,"showMaterialUpdate":true,"showSkybox":false,"showFlares":true,"showImageEffects":true,"showParticleSystems":true},"in2DMode":false,"pivot":{"x":0.5199999809265137,"y":1.7969999313354493,"z":1.1740000247955323},"rotation":{"x":0.12509894371032716,"y":-0.7940865755081177,"z":0.17442438006401063,"w":0.5688077211380005},"size":12.003111839294434,"orthographic":false}