{"cameraMode":{"drawMode":0,"name":"Shaded","section":"Shading Mode"},"sceneLighting":true,"audioPlay":false,"sceneViewState":{"showFog":false,"showMaterialUpdate":false,"showSkybox":false,"showFlares":false,"showImageEffects":false,"showParticleSystems":false},"in2DMode":false,"pivot":{"x":70.52715301513672,"y":-79.231689453125,"z":126.88946533203125},"rotation":{"x":-0.20695792138576508,"y":0.03630314767360687,"z":-0.006759437266737223,"w":-0.9780095219612122},"size":325.05291748046877,"orthographic":false}