{"cameraMode":{"drawMode":0,"name":"Shaded","section":"Shading Mode"},"sceneLighting":true,"audioPlay":false,"sceneViewState":{"showFog":true,"showMaterialUpdate":true,"showSkybox":true,"showFlares":true,"showImageEffects":true,"showParticleSystems":true},"in2DMode":false,"pivot":{"x":-2.200187921524048,"y":1.1543455123901368,"z":5.80162239074707},"rotation":{"x":0.2232377827167511,"y":-0.6563125252723694,"z":0.2127692997455597,"w":0.6885944604873657},"size":1.4288747310638428,"orthographic":false}