{"cameraMode":{"drawMode":0,"name":"Shaded","section":"Shading Mode"},"sceneLighting":false,"audioPlay":false,"sceneViewState":{"showFog":true,"showMaterialUpdate":false,"showSkybox":false,"showFlares":true,"showImageEffects":true,"showParticleSystems":true},"in2DMode":false,"pivot":{"x":-11.830129623413086,"y":1.4351295232772828,"z":1.420129418373108},"rotation":{"x":-0.15543293952941895,"y":0.6094765067100525,"z":-0.12343824654817581,"w":-0.7675699591636658},"size":40.2951774597168,"orthographic":false}