{"cameraMode":{"drawMode":0,"name":"Shaded","section":"Shading Mode"},"sceneLighting":false,"audioPlay":false,"sceneViewState":{"showFog":true,"showMaterialUpdate":true,"showSkybox":false,"showFlares":true,"showImageEffects":true,"showParticleSystems":true},"in2DMode":false,"pivot":{"x":567.6224975585938,"y":318.8099060058594,"z":0.12999999523162843},"rotation":{"x":0.3604987561702728,"y":0.44564080238342287,"z":-0.202702134847641,"w":0.7941523194313049},"size":1559.6446533203125,"orthographic":false}