{"cameraMode":{"drawMode":0,"name":"Shaded","section":"Shading Mode"},"sceneLighting":false,"audioPlay":false,"sceneViewState":{"showFog":true,"showMaterialUpdate":false,"showSkybox":false,"showFlares":true,"showImageEffects":true,"showParticleSystems":true},"in2DMode":false,"pivot":{"x":1.4070907831192017,"y":1.3605902194976807,"z":-25.700000762939454},"rotation":{"x":-0.15543293952941895,"y":0.6094765067100525,"z":-0.12343824654817581,"w":-0.7675699591636658},"size":3.6175901889801027,"orthographic":false}