{"cameraMode":{"drawMode":0,"name":"Shaded","section":"Shading Mode"},"sceneLighting":true,"audioPlay":false,"sceneViewState":{"showFog":true,"showMaterialUpdate":true,"showSkybox":true,"showFlares":true,"showImageEffects":true,"showParticleSystems":true},"in2DMode":false,"pivot":{"x":-1.5199998617172242,"y":0.10500001907348633,"z":1.9900000095367432},"rotation":{"x":0.35952576994895937,"y":-0.5934699177742004,"z":0.334728866815567,"w":0.6380870342254639},"size":15.562068939208985,"orthographic":false}