{"cameraMode":{"drawMode":0,"name":"Shaded","section":"Shading Mode"},"sceneLighting":true,"audioPlay":false,"sceneViewState":{"showFog":true,"showMaterialUpdate":true,"showSkybox":true,"showFlares":true,"showImageEffects":true,"showParticleSystems":true},"in2DMode":false,"pivot":{"x":48.18320083618164,"y":69.44923400878906,"z":-29.2324275970459},"rotation":{"x":0.4481176435947418,"y":0.1955355405807495,"z":-0.10127045959234238,"w":0.8664995431900024},"size":4.999544143676758,"orthographic":false}