{"cameraMode":{"drawMode":0,"name":"Shaded","section":"Shading Mode"},"sceneLighting":true,"audioPlay":false,"sceneViewState":{"showFog":false,"showMaterialUpdate":false,"showSkybox":false,"showFlares":false,"showImageEffects":false,"showParticleSystems":false},"in2DMode":false,"pivot":{"x":-9.953787803649903,"y":-5.468357086181641,"z":19.45610809326172},"rotation":{"x":-0.14608673751354218,"y":0.24968552589416505,"z":-0.03793807327747345,"w":-0.956561803817749},"size":733.7097778320313,"orthographic":false}