{"cameraMode":{"drawMode":0,"name":"Shaded","section":"Shading Mode"},"sceneLighting":true,"audioPlay":false,"sceneViewState":{"showFog":true,"showMaterialUpdate":true,"showSkybox":true,"showFlares":true,"showImageEffects":true,"showParticleSystems":true},"in2DMode":false,"pivot":{"x":56.95957946777344,"y":6.089344501495361,"z":8.512744903564454},"rotation":{"x":0.09780696034431458,"y":0.8763077855110169,"z":-0.2008686065673828,"w":0.4268851578235626},"size":28.799617767333986,"orthographic":false}