{"cameraMode":{"drawMode":0,"name":"Shaded","section":"Shading Mode"},"sceneLighting":true,"audioPlay":false,"sceneViewState":{"showFog":true,"showMaterialUpdate":true,"showSkybox":true,"showFlares":true,"showImageEffects":true,"showParticleSystems":true},"in2DMode":false,"pivot":{"x":113.53955078125,"y":48.626590728759769,"z":-13.631439208984375},"rotation":{"x":0.24418818950653077,"y":-0.6540182828903198,"z":0.23658934235572816,"w":0.6762205958366394},"size":173.723388671875,"orthographic":false}