{"cameraMode":{"drawMode":0,"name":"Shaded","section":"Shading Mode"},"sceneLighting":false,"audioPlay":false,"sceneViewState":{"showFog":true,"showMaterialUpdate":true,"showSkybox":false,"showFlares":true,"showImageEffects":true,"showParticleSystems":true},"in2DMode":false,"pivot":{"x":461.8811950683594,"y":285.68035888671877,"z":-419.68511962890627},"rotation":{"x":-0.0813145786523819,"y":0.9185856580734253,"z":-0.28115159273147585,"w":-0.2658441960811615},"size":22.0,"orthographic":false}