{"cameraMode":{"drawMode":0,"name":"Shaded","section":"Shading Mode"},"sceneLighting":true,"audioPlay":false,"sceneViewState":{"showFog":true,"showMaterialUpdate":true,"showSkybox":true,"showFlares":true,"showImageEffects":true,"showParticleSystems":true},"in2DMode":false,"pivot":{"x":3.2473626136779787,"y":-0.4198892116546631,"z":3.5919525623321535},"rotation":{"x":0.03935832902789116,"y":0.6860946416854858,"z":-0.03522705286741257,"w":0.7260704636573792},"size":2.9212589263916017,"orthographic":false}