{"cameraMode":{"drawMode":0,"name":"Shaded","section":"Shading Mode"},"sceneLighting":true,"audioPlay":false,"sceneViewState":{"showFog":true,"showMaterialUpdate":true,"showSkybox":true,"showFlares":true,"showImageEffects":true,"showParticleSystems":true},"in2DMode":false,"pivot":{"x":251.5317840576172,"y":79.38325500488281,"z":-118.9536361694336},"rotation":{"x":-0.1115712970495224,"y":-0.8042792677879334,"z":0.16028130054473878,"w":-0.5617121458053589},"size":72.51681518554688,"orthographic":false}