{"cameraMode":{"drawMode":0,"name":"Shaded","section":"Shading Mode"},"sceneLighting":false,"audioPlay":false,"sceneViewState":{"showFog":true,"showMaterialUpdate":true,"showSkybox":false,"showFlares":true,"showImageEffects":true,"showParticleSystems":true},"in2DMode":false,"pivot":{"x":2.551015853881836,"y":1.3711512088775635,"z":-19.819591522216798},"rotation":{"x":0.34220266342163088,"y":0.47358906269073489,"z":-0.20687177777290345,"w":0.7849432229995728},"size":0.28578677773475649,"orthographic":false}