{"cameraMode":{"drawMode":0,"name":"Shaded","section":"Shading Mode"},"sceneLighting":false,"audioPlay":false,"sceneViewState":{"showFog":true,"showMaterialUpdate":true,"showSkybox":false,"showFlares":true,"showImageEffects":true,"showParticleSystems":true},"in2DMode":false,"pivot":{"x":8.940696716308594e-7,"y":-1.0956546068191529,"z":0.021622836589813234},"rotation":{"x":0.2635097801685333,"y":0.07156562060117722,"z":-0.019429314881563188,"w":0.9621506333351135},"size":2.9212594032287599,"orthographic":false}