{"cameraMode":{"drawMode":0,"name":"Shaded","section":"Shading Mode"},"sceneLighting":true,"audioPlay":false,"sceneViewState":{"showFog":true,"showMaterialUpdate":true,"showSkybox":true,"showFlares":true,"showImageEffects":true,"showParticleSystems":true},"in2DMode":false,"pivot":{"x":62.69790267944336,"y":10.08042049407959,"z":36.60414505004883},"rotation":{"x":-0.003809939604252577,"y":0.9719855189323425,"z":-0.23508618772029878,"w":-0.014533616602420807},"size":14.037860870361329,"orthographic":false}