{"cameraMode":{"drawMode":0,"name":"Shaded","section":"Shading Mode"},"sceneLighting":true,"audioPlay":false,"sceneViewState":{"showFog":true,"showMaterialUpdate":true,"showSkybox":true,"showFlares":true,"showImageEffects":true,"showParticleSystems":true},"in2DMode":false,"pivot":{"x":-2.200000286102295,"y":1.1579705476760865,"z":5.7753987312316898},"rotation":{"x":0.06874407082796097,"y":-0.2923642098903656,"z":0.022330205887556077,"w":0.9539387822151184},"size":22.257282257080079,"orthographic":false}