{"cameraMode":{"drawMode":0,"name":"Shaded","section":"Shading Mode"},"sceneLighting":true,"audioPlay":false,"sceneViewState":{"showFog":true,"showMaterialUpdate":true,"showSkybox":true,"showFlares":true,"showImageEffects":true,"showParticleSystems":true},"in2DMode":false,"pivot":{"x":-0.2746715843677521,"y":4.082273960113525,"z":8.468938827514649},"rotation":{"x":0.016500404104590417,"y":0.0009188903495669365,"z":0.000004853715381614165,"w":0.9998946785926819},"size":10.977962493896485,"orthographic":false}