{"cameraMode":{"drawMode":0,"name":"Shaded","section":"Shading Mode"},"sceneLighting":true,"audioPlay":false,"sceneViewState":{"showFog":true,"showMaterialUpdate":true,"showSkybox":true,"showFlares":true,"showImageEffects":true,"showParticleSystems":true},"in2DMode":false,"pivot":{"x":105.97174072265625,"y":-472.7780456542969,"z":-519.232421875},"rotation":{"x":0.017384158447384836,"y":0.9271950125694275,"z":-0.37174418568611147,"w":0.0434323288500309},"size":734.6348876953125,"orthographic":false}