{"cameraMode":{"drawMode":0,"name":"Shaded","section":"Shading Mode"},"sceneLighting":false,"audioPlay":false,"sceneViewState":{"showFog":true,"showMaterialUpdate":true,"showSkybox":false,"showFlares":true,"showImageEffects":true,"showParticleSystems":true},"in2DMode":false,"pivot":{"x":533.1224975585938,"y":299.3099060058594,"z":0.12999999523162843},"rotation":{"x":0.14431704580783845,"y":0.8259068131446838,"z":-0.24501462280750276,"w":0.48703622817993166},"size":2022.0146484375,"orthographic":false}