{"cameraMode":{"drawMode":0,"name":"Shaded","section":"Shading Mode"},"sceneLighting":false,"audioPlay":false,"sceneViewState":{"showFog":true,"showMaterialUpdate":true,"showSkybox":false,"showFlares":true,"showImageEffects":true,"showParticleSystems":true},"in2DMode":false,"pivot":{"x":-14.800000190734864,"y":3.2798912525177,"z":40.279998779296878},"rotation":{"x":-0.027194464579224588,"y":0.8835926651954651,"z":-0.05176428332924843,"w":-0.4647314250469208},"size":6.47853946685791,"orthographic":false}