{"cameraMode":{"drawMode":0,"name":"Shaded","section":"Shading Mode"},"sceneLighting":false,"audioPlay":false,"sceneViewState":{"showFog":true,"showMaterialUpdate":true,"showSkybox":false,"showFlares":true,"showImageEffects":true,"showParticleSystems":true},"in2DMode":false,"pivot":{"x":8.705001164344139e-10,"y":0.5299999713897705,"z":0.7179999947547913},"rotation":{"x":0.2635097801685333,"y":0.07156562060117722,"z":-0.019429314881563188,"w":0.9621506333351135},"size":3.330479383468628,"orthographic":false}