{"cameraMode":{"drawMode":0,"name":"Shaded","section":"Shading Mode"},"sceneLighting":false,"audioPlay":false,"sceneViewState":{"showFog":true,"showMaterialUpdate":true,"showSkybox":false,"showFlares":true,"showImageEffects":true,"showParticleSystems":true},"in2DMode":false,"pivot":{"x":175.5906524658203,"y":7.700679779052734,"z":-45.977088928222659},"rotation":{"x":0.09780696034431458,"y":0.8763077855110169,"z":-0.2008686065673828,"w":0.4268851578235626},"size":160.3582763671875,"orthographic":false}