{"cameraMode":{"drawMode":0,"name":"Shaded","section":"Shading Mode"},"sceneLighting":false,"audioPlay":false,"sceneViewState":{"showFog":true,"showMaterialUpdate":true,"showSkybox":false,"showFlares":true,"showImageEffects":true,"showParticleSystems":true},"in2DMode":false,"pivot":{"x":0.018500030040740968,"y":0.15196478366851808,"z":0.3769647777080536},"rotation":{"x":0.28349244594573977,"y":-0.07687472552061081,"z":0.02301805652678013,"w":0.9559581279754639},"size":181.1182403564453,"orthographic":false}