{"cameraMode":{"drawMode":0,"name":"Shaded","section":"Shading Mode"},"sceneLighting":true,"audioPlay":false,"sceneViewState":{"showFog":true,"showMaterialUpdate":true,"showSkybox":true,"showFlares":true,"showImageEffects":true,"showParticleSystems":true},"in2DMode":false,"pivot":{"x":-4.284405708312988,"y":0.7272728681564331,"z":-1.2724182605743409},"rotation":{"x":0.2174316942691803,"y":-0.5536340475082398,"z":0.1525087207555771,"w":0.7892835140228272},"size":285.6728515625,"orthographic":false}