{"cameraMode":{"drawMode":0,"name":"Shaded","section":"Shading Mode"},"sceneLighting":false,"audioPlay":false,"sceneViewState":{"showFog":true,"showMaterialUpdate":true,"showSkybox":false,"showFlares":true,"showImageEffects":true,"showParticleSystems":true},"in2DMode":false,"pivot":{"x":8.940696716308594e-7,"y":-0.5807753205299377,"z":0.2619999647140503},"rotation":{"x":-0.027194464579224588,"y":0.8835926651954651,"z":-0.05176428332924843,"w":-0.4647314250469208},"size":5.892576217651367,"orthographic":false}