{"cameraMode":{"drawMode":0,"name":"Shaded","section":"Shading Mode"},"sceneLighting":true,"audioPlay":false,"sceneViewState":{"showFog":true,"showMaterialUpdate":true,"showSkybox":true,"showFlares":true,"showImageEffects":true,"showParticleSystems":true},"in2DMode":false,"pivot":{"x":-1.8047109842300416,"y":2.302764892578125,"z":5.482617378234863},"rotation":{"x":-0.011792702600359917,"y":0.9575134515762329,"z":0.04312095046043396,"w":0.2860998213291168},"size":4.2010674476623539,"orthographic":false}