{"cameraMode":{"drawMode":0,"name":"Shaded","section":"Shading Mode"},"sceneLighting":true,"audioPlay":false,"sceneViewState":{"showFog":true,"showMaterialUpdate":true,"showSkybox":true,"showFlares":true,"showImageEffects":true,"showParticleSystems":true},"in2DMode":false,"pivot":{"x":-24.77107048034668,"y":2.511700391769409,"z":0.7923194766044617},"rotation":{"x":0.027124349027872087,"y":-0.8529860973358154,"z":-0.044561080634593967,"w":-0.5193315744400024},"size":-3.764664888381958,"orthographic":false}