{"cameraMode":{"drawMode":0,"name":"Shaded","section":"Shading Mode"},"sceneLighting":false,"audioPlay":false,"sceneViewState":{"showFog":true,"showMaterialUpdate":false,"showSkybox":false,"showFlares":true,"showImageEffects":true,"showParticleSystems":true},"in2DMode":false,"pivot":{"x":-2.200000047683716,"y":2.0598912239074709,"z":5.78000020980835},"rotation":{"x":-0.15543293952941895,"y":0.6094765067100525,"z":-0.12343824654817581,"w":-0.7675699591636658},"size":6.3682780265808109,"orthographic":false}