{"cameraMode":{"drawMode":0,"name":"Shaded","section":"Shading Mode"},"sceneLighting":true,"audioPlay":false,"sceneViewState":{"showFog":true,"showMaterialUpdate":true,"showSkybox":true,"showFlares":true,"showImageEffects":true,"showParticleSystems":true},"in2DMode":false,"pivot":{"x":68.4566650390625,"y":2.088010311126709,"z":-7.658221244812012},"rotation":{"x":0.02069006860256195,"y":0.96119225025177,"z":-0.07544839382171631,"w":0.2647796869277954},"size":25.617738723754884,"orthographic":false}