{"cameraMode":{"drawMode":0,"name":"Shaded","section":"Shading Mode"},"sceneLighting":false,"audioPlay":false,"sceneViewState":{"showFog":true,"showMaterialUpdate":true,"showSkybox":false,"showFlares":true,"showImageEffects":true,"showParticleSystems":true},"in2DMode":false,"pivot":{"x":70.21144104003906,"y":10.433080673217774,"z":-16.10539436340332},"rotation":{"x":0.09780696034431458,"y":0.8763077855110169,"z":-0.2008686065673828,"w":0.4268851578235626},"size":16.68617820739746,"orthographic":false}