{"cameraMode":{"drawMode":0,"name":"Shaded","section":"Shading Mode"},"sceneLighting":false,"audioPlay":false,"sceneViewState":{"showFog":true,"showMaterialUpdate":true,"showSkybox":false,"showFlares":true,"showImageEffects":true,"showParticleSystems":true},"in2DMode":false,"pivot":{"x":72.7010498046875,"y":11.168902397155762,"z":-50.04917907714844},"rotation":{"x":0.09780696034431458,"y":0.8763077855110169,"z":-0.2008686065673828,"w":0.4268851578235626},"size":312.7007141113281,"orthographic":false}