{"cameraMode":{"drawMode":0,"name":"Shaded","section":"Shading Mode"},"sceneLighting":true,"audioPlay":false,"sceneViewState":{"showFog":false,"showMaterialUpdate":false,"showSkybox":false,"showFlares":false,"showImageEffects":false,"showParticleSystems":false},"in2DMode":false,"pivot":{"x":0.2280452698469162,"y":1.211754560470581,"z":-4.732845783233643},"rotation":{"x":0.001190274953842163,"y":0.012596831656992436,"z":0.000014971313248679508,"w":-0.9999200105667114},"size":5.076035976409912,"orthographic":false}